transaction_id,customer_id,customer_name,account_type,transaction_date,transaction_type,amount,merchant_category,merchant_name,country,flagged_by_system,account_balance_after,notes
TXN-100351,CUST-1016,Fatima Al-Rashid,savings,2026-03-06,credit,137.34,other,Starbucks,US,False,33202.58,
TXN-100083,CUST-1016,Fatima Al-Rashid,savings,2026-03-06,credit,208.98,other,Shell Gas,US,False,32718.54,
TXN-100465,CUST-1025,Christine Lee,checking,2026-03-06,credit,80.06,retail,Home Depot,US,False,22492.26,
TXN-100141,CUST-1023,Nadia Suleiman,checking,2026-03-07,credit,97.93,retail,Home Depot,US,False,40095.81,
TXN-100411,CUST-1018,Yuki Tanaka,checking,2026-03-07,credit,89.3,utilities,AT&T,US,False,47223.86,
TXN-100355,CUST-1015,Kevin Torres,savings,2026-03-08,credit,181.04,retail,Home Depot,US,False,9876.11,
TXN-100360,CUST-1024,Paul Adeyemi,checking,2026-03-08,credit,79.83,utilities,Con Edison,US,False,42770.55,
TXN-100278,CUST-1014,Rachel Kim,savings,2026-03-08,debit,178.71,utilities,Comcast,US,False,8843.01,
TXN-100115,CUST-1020,Samuel Green,savings,2026-03-08,debit,107.69,retail,Costco,US,False,41822.72,
TXN-100238,CUST-1008,Elena Petrov,investment,2026-03-09,debit,706.96,atm,Chase ATM,US,False,-14478.29,
TXN-100277,CUST-1022,Derek Williams,checking,2026-03-09,debit,37.43,utilities,Comcast,US,False,7927.01,
TXN-100299,CUST-1020,Samuel Green,savings,2026-03-09,debit,223.59,retail,Walmart,US,False,40896.54,
TXN-100399,CUST-1024,Paul Adeyemi,checking,2026-03-09,credit,187.34,retail,Best Buy,US,False,42587.33,
TXN-100282,CUST-1025,Christine Lee,checking,2026-03-09,credit,140.12,other,Starbucks,US,False,22016.09,
TXN-100310,CUST-1022,Derek Williams,checking,2026-03-11,credit,26.26,other,CVS Pharmacy,US,False,7827.08,
TXN-100476,CUST-1014,Rachel Kim,savings,2026-03-11,debit,77.2,utilities,Duke Energy,US,False,7860.14,
TXN-100088,CUST-1016,Fatima Al-Rashid,savings,2026-03-11,debit,82.2,retail,Target,US,False,33108.22,
TXN-100265,CUST-1025,Christine Lee,checking,2026-03-11,credit,39.42,utilities,AT&T,US,False,21874.53,
TXN-100059,CUST-1012,Angela Brooks,business,2026-03-11,credit,416.38,other,Starbucks,US,False,17318.23,
TXN-100219,CUST-1003,David Chen,business,2026-03-11,withdrawal,4909.06,atm,Citibank ATM,US,False,21576.28,miscellaneous
TXN-100034,CUST-1007,Ahmed Hassan,checking,2026-03-12,credit,433.28,utilities,AT&T,US,False,29597.51,
TXN-100481,CUST-1025,Christine Lee,checking,2026-03-12,credit,168.98,retail,Amazon,US,False,22661.24,
TXN-100142,CUST-1023,Nadia Suleiman,checking,2026-03-12,debit,144.41,other,Uber,US,False,39951.4,
TXN-100367,CUST-1018,Yuki Tanaka,checking,2026-03-12,debit,89.4,retail,Home Depot,US,False,47016.35,
TXN-100058,CUST-1012,Angela Brooks,business,2026-03-12,credit,133.05,other,Starbucks,US,False,16901.85,
TXN-100410,CUST-1021,Olga Ivanova,savings,2026-03-12,debit,177.09,retail,Walmart,US,False,30427.69,
TXN-100043,CUST-1009,Carlos Reyes,business,2026-03-13,debit,376.51,retail,Walmart,US,False,41273.66,
TXN-100454,CUST-1018,Yuki Tanaka,checking,2026-03-13,credit,209.37,other,Starbucks,US,False,47525.48,
TXN-100392,CUST-1016,Fatima Al-Rashid,savings,2026-03-13,credit,153.34,retail,Walmart,US,False,33116.78,
TXN-100005,CUST-1001,James Okafor,business,2026-03-13,credit,423.0,retail,Target,US,False,6862.61,
TXN-100477,CUST-1021,Olga Ivanova,savings,2026-03-13,debit,227.54,retail,Target,US,False,30199.75,
TXN-100078,CUST-1015,Kevin Torres,savings,2026-03-14,debit,188.47,retail,Home Depot,US,False,9215.02,
TXN-100364,CUST-1025,Christine Lee,checking,2026-03-14,debit,244.39,utilities,Duke Energy,US,False,21668.71,
TXN-100006,CUST-1002,Maria Santos,checking,2026-03-14,credit,206.57,retail,Target,US,False,16226.7,
TXN-100052,CUST-1011,Thomas Nguyen,savings,2026-03-14,debit,467.3,utilities,Comcast,US,False,35903.07,
TXN-100045,CUST-1009,Carlos Reyes,business,2026-03-14,debit,427.16,retail,Costco,US,False,41102.9,
TXN-100284,CUST-1015,Kevin Torres,savings,2026-03-14,credit,184.45,retail,Target,US,False,9919.2,
TXN-100401,CUST-1017,Brian O'Connor,checking,2026-03-15,credit,92.74,other,Starbucks,US,False,37634.03,
TXN-100050,CUST-1010,Susan Park,checking,2026-03-15,credit,164.93,utilities,AT&T,US,False,39461.86,
TXN-100098,CUST-1018,Yuki Tanaka,checking,2026-03-15,debit,144.55,utilities,Con Edison,US,False,48645.66,
TXN-100322,CUST-1018,Yuki Tanaka,checking,2026-03-15,debit,108.82,other,Shell Gas,US,False,47214.53,
TXN-100037,CUST-1008,Elena Petrov,investment,2026-03-15,credit,236.69,retail,Best Buy,US,False,14883.74,
TXN-100152,CUST-1024,Paul Adeyemi,checking,2026-03-16,debit,139.68,other,McDonald's,US,False,43180.86,
TXN-100442,CUST-1019,Diana Mbeki,savings,2026-03-17,debit,272.84,utilities,City Water Dept,US,False,7858.11,
TXN-100346,CUST-1021,Olga Ivanova,savings,2026-03-17,debit,250.16,other,McDonald's,US,False,30191.9,
TXN-100127,CUST-1021,Olga Ivanova,savings,2026-03-17,debit,417.06,utilities,Con Edison,US,False,30201.85,
TXN-100151,CUST-1024,Paul Adeyemi,checking,2026-03-18,debit,308.72,other,McDonald's,US,False,43320.54,
TXN-100290,CUST-1015,Kevin Torres,savings,2026-03-18,debit,32.5,retail,Home Depot,US,False,9886.7,
TXN-100415,CUST-1018,Yuki Tanaka,checking,2026-03-18,debit,42.96,other,CVS Pharmacy,US,False,47180.9,
TXN-100288,CUST-1019,Diana Mbeki,savings,2026-03-18,credit,127.72,utilities,Con Edison,US,False,7831.86,
TXN-100475,CUST-1023,Nadia Suleiman,checking,2026-03-18,debit,65.79,retail,Costco,US,False,39888.0,
TXN-100236,CUST-1008,Elena Petrov,investment,2026-03-18,debit,3921.66,atm,Chase ATM,US,False,-12522.69,
TXN-100176,CUST-1002,Maria Santos,checking,2026-03-19,debit,2644.33,retail,Amazon,IR,False,-33313.63,
TXN-100035,CUST-1007,Ahmed Hassan,checking,2026-03-19,credit,366.82,retail,Target,US,False,29964.33,
TXN-100091,CUST-1017,Brian O'Connor,checking,2026-03-19,debit,447.4,other,CVS Pharmacy,US,False,37642.77,
TXN-100011,CUST-1003,David Chen,business,2026-03-20,debit,380.33,utilities,Comcast,US,False,37760.87,
TXN-100014,CUST-1003,David Chen,business,2026-03-20,debit,343.34,utilities,City Water Dept,US,False,37216.4,
TXN-100447,CUST-1021,Olga Ivanova,savings,2026-03-20,credit,85.49,retail,Amazon,US,False,30721.74,
TXN-100490,CUST-1014,Rachel Kim,savings,2026-03-21,debit,288.81,retail,Home Depot,US,False,7861.83,
TXN-100093,CUST-1017,Brian O'Connor,checking,2026-03-21,debit,283.13,utilities,Duke Energy,US,False,36955.63,
TXN-100079,CUST-1015,Kevin Torres,savings,2026-03-21,credit,335.06,utilities,Con Edison,US,False,9550.08,
TXN-100272,CUST-1014,Rachel Kim,savings,2026-03-21,credit,60.99,utilities,Duke Energy,US,False,9318.42,
TXN-100261,CUST-1015,Kevin Torres,savings,2026-03-21,debit,83.02,utilities,Duke Energy,US,False,10085.5,
TXN-100107,CUST-1019,Diana Mbeki,savings,2026-03-22,debit,421.85,other,Uber,US,False,7923.62,
TXN-100256,CUST-1018,Yuki Tanaka,checking,2026-03-22,debit,175.97,utilities,AT&T,US,False,47089.74,
TXN-100257,CUST-1018,Yuki Tanaka,checking,2026-03-22,credit,56.81,utilities,City Water Dept,US,False,47146.55,
TXN-100055,CUST-1011,Thomas Nguyen,savings,2026-03-23,debit,470.08,other,Shell Gas,US,False,35183.04,
TXN-100383,CUST-1018,Yuki Tanaka,checking,2026-03-23,credit,64.05,other,Starbucks,US,False,47134.56,
TXN-100008,CUST-1002,Maria Santos,checking,2026-03-23,credit,80.01,other,McDonald's,US,False,16420.9,
TXN-100010,CUST-1002,Maria Santos,checking,2026-03-23,credit,117.47,utilities,City Water Dept,US,False,16914.41,
TXN-100417,CUST-1022,Derek Williams,checking,2026-03-23,debit,18.36,utilities,Con Edison,US,False,7419.46,
TXN-100036,CUST-1008,Elena Petrov,investment,2026-03-23,debit,272.78,retail,Best Buy,US,False,14647.05,
TXN-100451,CUST-1015,Kevin Torres,savings,2026-03-23,debit,59.51,utilities,Duke Energy,US,False,9466.68,
TXN-100376,CUST-1022,Derek Williams,checking,2026-03-24,debit,286.07,other,Uber,US,False,7585.06,
TXN-100240,CUST-1009,Carlos Reyes,business,2026-03-24,debit,1598.89,wire_transfer,Domestic Wire Transfer,US,False,37390.92,
TXN-100484,CUST-1017,Brian O'Connor,checking,2026-03-24,credit,257.97,retail,Best Buy,US,False,37249.32,
TXN-100479,CUST-1023,Nadia Suleiman,checking,2026-03-24,credit,74.89,other,Uber,US,False,39962.89,
TXN-100317,CUST-1019,Diana Mbeki,savings,2026-03-24,debit,74.7,other,Shell Gas,US,False,7657.44,
TXN-100276,CUST-1016,Fatima Al-Rashid,savings,2026-03-24,debit,86.8,other,McDonald's,US,False,33078.61,
TXN-100158,CUST-1025,Christine Lee,checking,2026-03-24,debit,455.12,other,Starbucks,US,False,21282.04,
TXN-100434,CUST-1020,Samuel Green,savings,2026-03-24,credit,286.61,utilities,Con Edison,US,False,40953.17,
TXN-100056,CUST-1012,Angela Brooks,business,2026-03-25,debit,373.78,retail,Amazon,US,False,17130.43,
TXN-100336,CUST-1021,Olga Ivanova,savings,2026-03-25,debit,299.99,retail,Walmart,US,False,30215.1,
TXN-100289,CUST-1020,Samuel Green,savings,2026-03-25,credit,115.42,utilities,Duke Energy,US,False,41120.13,
TXN-100345,CUST-1015,Kevin Torres,savings,2026-03-26,debit,89.09,other,Shell Gas,US,False,9823.92,
TXN-100248,CUST-1012,Angela Brooks,business,2026-03-26,debit,832.38,crypto,Kraken,US,False,11608.22,
TXN-100153,CUST-1024,Paul Adeyemi,checking,2026-03-26,debit,280.48,retail,Walmart,US,False,42900.38,
TXN-100118,CUST-1020,Samuel Green,savings,2026-03-26,debit,391.12,retail,Amazon,US,False,41121.88,
TXN-100040,CUST-1008,Elena Petrov,investment,2026-03-27,credit,452.2,retail,Best Buy,US,False,15209.66,
TXN-100086,CUST-1016,Fatima Al-Rashid,savings,2026-03-27,credit,398.93,other,Starbucks,US,False,33134.66,
TXN-100423,CUST-1023,Nadia Suleiman,checking,2026-03-27,debit,177.14,retail,Costco,US,False,40205.44,
TXN-100242,CUST-1010,Susan Park,checking,2026-03-27,debit,1287.81,gambling,PokerStars,US,False,34605.95,
TXN-100082,CUST-1016,Fatima Al-Rashid,savings,2026-03-28,credit,341.89,other,Uber,US,False,32509.56,
TXN-100443,CUST-1017,Brian O'Connor,checking,2026-03-28,debit,274.4,other,CVS Pharmacy,US,False,37137.1,
TXN-100444,CUST-1016,Fatima Al-Rashid,savings,2026-03-29,credit,237.45,retail,Home Depot,US,False,33755.63,
TXN-100448,CUST-1016,Fatima Al-Rashid,savings,2026-03-29,credit,196.24,other,Starbucks,US,False,33951.87,
TXN-100369,CUST-1025,Christine Lee,checking,2026-03-29,credit,105.02,utilities,Duke Energy,US,False,21773.73,
TXN-100206,CUST-1002,Maria Santos,checking,2026-03-30,debit,7531.21,crypto,Crypto.com,US,False,-45942.0,
TXN-100413,CUST-1014,Rachel Kim,savings,2026-03-30,debit,173.23,utilities,Con Edison,US,False,7698.35,
TXN-100488,CUST-1018,Yuki Tanaka,checking,2026-03-30,debit,262.72,utilities,City Water Dept,US,False,47016.41,
TXN-100449,CUST-1025,Christine Lee,checking,2026-03-30,credit,172.5,utilities,Comcast,US,False,22298.77,
TXN-100487,CUST-1021,Olga Ivanova,savings,2026-03-30,debit,163.01,utilities,AT&T,US,False,30036.74,
TXN-100254,CUST-1017,Brian O'Connor,checking,2026-03-30,credit,69.61,other,Uber,US,False,37700.65,
TXN-100140,CUST-1023,Nadia Suleiman,checking,2026-03-30,credit,490.45,other,Shell Gas,US,False,39997.88,
TXN-100081,CUST-1015,Kevin Torres,savings,2026-03-30,credit,281.66,other,CVS Pharmacy,US,False,10168.52,
TXN-100316,CUST-1016,Fatima Al-Rashid,savings,2026-03-30,debit,161.53,retail,Amazon,US,False,33297.06,
TXN-100120,CUST-1020,Samuel Green,savings,2026-03-31,credit,471.32,utilities,AT&T,US,False,41128.05,
TXN-100343,CUST-1022,Derek Williams,checking,2026-03-31,credit,290.05,other,Uber,US,False,8406.98,
TXN-100365,CUST-1014,Rachel Kim,savings,2026-03-31,debit,17.92,utilities,AT&T,US,False,8156.4,
TXN-100250,CUST-1025,Christine Lee,checking,2026-03-31,credit,254.36,utilities,Duke Energy,US,False,21835.11,
TXN-100441,CUST-1020,Samuel Green,savings,2026-03-31,credit,145.85,other,Shell Gas,US,False,41099.02,
TXN-100496,CUST-1014,Rachel Kim,savings,2026-03-31,credit,92.08,utilities,Con Edison,US,False,7953.91,
TXN-100416,CUST-1019,Diana Mbeki,savings,2026-03-31,credit,227.71,utilities,City Water Dept,US,False,8078.01,
TXN-100207,CUST-1002,Maria Santos,checking,2026-04-01,debit,6477.76,crypto,Binance US,US,False,-52419.76,
TXN-100402,CUST-1016,Fatima Al-Rashid,savings,2026-04-01,credit,147.85,utilities,Con Edison,US,False,33518.18,
TXN-100102,CUST-1018,Yuki Tanaka,checking,2026-04-01,credit,213.73,other,CVS Pharmacy,US,False,48869.17,
TXN-100057,CUST-1012,Angela Brooks,business,2026-04-01,debit,361.63,utilities,Con Edison,US,False,16768.8,
TXN-100048,CUST-1010,Susan Park,checking,2026-04-01,credit,468.01,other,Shell Gas,US,False,39092.99,
TXN-100051,CUST-1011,Thomas Nguyen,savings,2026-04-02,debit,45.9,utilities,City Water Dept,US,False,36370.37,
TXN-100335,CUST-1019,Diana Mbeki,savings,2026-04-02,credit,96.12,retail,Amazon,US,False,7796.6,
TXN-100307,CUST-1014,Rachel Kim,savings,2026-04-02,debit,93.92,retail,Target,US,False,8961.39,
TXN-100382,CUST-1015,Kevin Torres,savings,2026-04-02,credit,212.69,utilities,City Water Dept,US,False,9743.64,
TXN-100315,CUST-1015,Kevin Torres,savings,2026-04-03,credit,225.01,utilities,Con Edison,US,False,10099.16,
TXN-100070,CUST-1014,Rachel Kim,savings,2026-04-03,debit,430.71,utilities,Comcast,US,False,8978.81,
TXN-100456,CUST-1025,Christine Lee,checking,2026-04-03,credit,113.43,retail,Target,US,False,22412.2,
TXN-100471,CUST-1016,Fatima Al-Rashid,savings,2026-04-03,credit,161.01,other,Starbucks,US,False,33973.66,
TXN-100495,CUST-1019,Diana Mbeki,savings,2026-04-03,credit,18.49,utilities,Comcast,US,False,8495.53,
TXN-100026,CUST-1006,Lisa Kowalski,savings,2026-04-03,credit,69.29,utilities,AT&T,US,False,15539.03,
TXN-100208,CUST-1002,Maria Santos,checking,2026-04-03,debit,7184.16,crypto,Kraken,US,False,-59603.92,
TXN-100235,CUST-1008,Elena Petrov,investment,2026-04-04,debit,3860.45,atm,Citibank ATM,US,False,-8601.03,
TXN-100309,CUST-1016,Fatima Al-Rashid,savings,2026-04-04,credit,162.11,retail,Costco,US,False,33458.59,
TXN-100275,CUST-1015,Kevin Torres,savings,2026-04-04,debit,177.98,other,Shell Gas,US,False,9734.75,
TXN-100218,CUST-1003,David Chen,business,2026-04-04,withdrawal,8136.08,atm,Citibank ATM,US,False,26485.34,miscellaneous
TXN-100027,CUST-1006,Lisa Kowalski,savings,2026-04-04,debit,298.27,utilities,City Water Dept,US,False,15240.76,
TXN-100071,CUST-1014,Rachel Kim,savings,2026-04-04,credit,159.54,utilities,Comcast,US,False,9138.35,
TXN-100287,CUST-1024,Paul Adeyemi,checking,2026-04-04,debit,131.87,other,CVS Pharmacy,US,False,42768.51,
TXN-100245,CUST-1011,Thomas Nguyen,savings,2026-04-04,debit,2575.17,atm,BofA ATM,US,False,24711.44,
TXN-100087,CUST-1016,Fatima Al-Rashid,savings,2026-04-05,credit,55.76,utilities,Con Edison,US,False,33190.42,
TXN-100353,CUST-1022,Derek Williams,checking,2026-04-05,debit,233.97,utilities,Con Edison,US,False,8173.01,
TXN-100067,CUST-1014,Rachel Kim,savings,2026-04-05,debit,463.62,other,McDonald's,US,False,9528.1,
TXN-100270,CUST-1025,Christine Lee,checking,2026-04-05,debit,135.8,utilities,Con Edison,US,False,21738.73,
TXN-100377,CUST-1024,Paul Adeyemi,checking,2026-04-05,debit,42.24,utilities,Con Edison,US,False,42525.31,
TXN-100491,CUST-1021,Olga Ivanova,savings,2026-04-05,debit,122.01,retail,Costco,US,False,29914.73,
TXN-100234,CUST-1008,Elena Petrov,investment,2026-04-05,debit,3340.22,atm,BofA ATM,US,False,-4740.58,
TXN-100452,CUST-1019,Diana Mbeki,savings,2026-04-05,debit,81.93,retail,Best Buy,US,False,8072.96,
TXN-100209,CUST-1002,Maria Santos,checking,2026-04-05,debit,6636.05,crypto,Gemini Exchange,US,False,-66239.97,
TXN-100003,CUST-1001,James Okafor,business,2026-04-06,debit,271.73,other,McDonald's,US,False,6297.34,
TXN-100090,CUST-1017,Brian O'Connor,checking,2026-04-06,credit,252.24,retail,Target,US,False,38090.17,
TXN-100065,CUST-1013,Michael Osei,savings,2026-04-06,credit,112.94,retail,Home Depot,US,False,48074.48,
TXN-100394,CUST-1017,Brian O'Connor,checking,2026-04-07,credit,254.55,utilities,Comcast,US,False,37541.29,
TXN-100117,CUST-1020,Samuel Green,savings,2026-04-07,debit,237.87,other,Shell Gas,US,False,41513.0,
TXN-100137,CUST-1022,Derek Williams,checking,2026-04-07,credit,142.75,utilities,Comcast,US,False,7964.44,
TXN-100258,CUST-1019,Diana Mbeki,savings,2026-04-07,credit,249.99,other,CVS Pharmacy,US,False,7722.75,
TXN-100074,CUST-1015,Kevin Torres,savings,2026-04-08,debit,66.52,utilities,Comcast,US,False,9285.72,
TXN-100060,CUST-1012,Angela Brooks,business,2026-04-08,debit,322.19,utilities,Comcast,US,False,16996.04,
TXN-100422,CUST-1018,Yuki Tanaka,checking,2026-04-08,debit,181.09,other,Uber,US,False,46999.81,
TXN-100156,CUST-1025,Christine Lee,checking,2026-04-08,debit,346.82,utilities,City Water Dept,US,False,21955.48,
TXN-100130,CUST-1022,Derek Williams,checking,2026-04-08,credit,113.94,retail,Amazon,US,False,7176.04,
TXN-100105,CUST-1018,Yuki Tanaka,checking,2026-04-09,debit,249.23,utilities,Duke Energy,US,False,47718.2,
TXN-100211,CUST-1005,Robert Mwangi,business,2026-04-09,debit,6923.3,crypto,Kraken,US,False,-24661.49,
TXN-100210,CUST-1002,Maria Santos,checking,2026-04-09,transfer,18398.75,wire_transfer,SWIFT Transfer,US,False,-84638.72,international wire post crypto
TXN-100405,CUST-1015,Kevin Torres,savings,2026-04-09,debit,142.61,utilities,Duke Energy,US,False,9526.19,
TXN-100430,CUST-1023,Nadia Suleiman,checking,2026-04-10,debit,287.41,utilities,City Water Dept,US,False,39704.83,
TXN-100269,CUST-1021,Olga Ivanova,savings,2026-04-10,credit,282.02,other,Starbucks,US,False,30163.47,
TXN-100072,CUST-1014,Rachel Kim,savings,2026-04-10,debit,205.25,retail,Walmart,US,False,8933.1,
TXN-100380,CUST-1022,Derek Williams,checking,2026-04-10,credit,97.74,utilities,Comcast,US,False,7682.8,
TXN-100295,CUST-1015,Kevin Torres,savings,2026-04-10,credit,38.89,utilities,City Water Dept,US,False,9925.59,
TXN-100097,CUST-1017,Brian O'Connor,checking,2026-04-10,debit,421.53,utilities,City Water Dept,US,False,37631.04,
TXN-100212,CUST-1005,Robert Mwangi,business,2026-04-11,debit,6356.31,crypto,Crypto.com,US,False,-31017.8,
TXN-100342,CUST-1019,Diana Mbeki,savings,2026-04-11,credit,141.2,other,CVS Pharmacy,US,False,7937.8,
TXN-100323,CUST-1021,Olga Ivanova,savings,2026-04-11,debit,21.78,utilities,AT&T,US,False,30627.44,
TXN-100328,CUST-1021,Olga Ivanova,savings,2026-04-11,debit,112.35,other,CVS Pharmacy,US,False,30515.09,
TXN-100155,CUST-1025,Christine Lee,checking,2026-04-11,debit,151.17,retail,Home Depot,US,False,22302.3,
TXN-100042,CUST-1009,Carlos Reyes,business,2026-04-12,credit,85.85,utilities,Comcast,US,False,41650.17,
TXN-100385,CUST-1024,Paul Adeyemi,checking,2026-04-12,debit,167.25,utilities,Con Edison,US,False,42358.06,
TXN-100356,CUST-1022,Derek Williams,checking,2026-04-12,debit,216.97,other,CVS Pharmacy,US,False,7956.04,
TXN-100239,CUST-1009,Carlos Reyes,business,2026-04-12,debit,2113.09,wire_transfer,Domestic Wire Transfer,US,False,38989.81,
TXN-100121,CUST-1020,Samuel Green,savings,2026-04-13,debit,59.93,other,Uber,US,False,41068.12,
TXN-100104,CUST-1018,Yuki Tanaka,checking,2026-04-13,debit,471.94,utilities,Duke Energy,US,False,47967.43,
TXN-100400,CUST-1024,Paul Adeyemi,checking,2026-04-13,credit,194.36,other,CVS Pharmacy,US,False,42781.69,
TXN-100213,CUST-1005,Robert Mwangi,business,2026-04-13,debit,5479.54,crypto,Gemini Exchange,US,False,-36497.34,
TXN-100395,CUST-1024,Paul Adeyemi,checking,2026-04-13,credit,41.93,other,Uber,US,False,42399.99,
TXN-100420,CUST-1023,Nadia Suleiman,checking,2026-04-13,credit,214.08,utilities,Duke Energy,US,False,40382.58,
TXN-100064,CUST-1013,Michael Osei,savings,2026-04-14,credit,72.45,retail,Amazon,US,False,47961.54,
TXN-100297,CUST-1014,Rachel Kim,savings,2026-04-14,credit,212.3,retail,Amazon,US,False,9055.31,
TXN-100494,CUST-1015,Kevin Torres,savings,2026-04-15,credit,229.68,other,McDonald's,US,False,9258.86,
TXN-100482,CUST-1024,Paul Adeyemi,checking,2026-04-15,credit,236.81,other,CVS Pharmacy,US,False,43032.53,
TXN-100390,CUST-1020,Samuel Green,savings,2026-04-15,debit,41.97,utilities,AT&T,US,False,40483.23,
TXN-100403,CUST-1023,Nadia Suleiman,checking,2026-04-15,credit,259.14,retail,Home Depot,US,False,40168.5,
TXN-100428,CUST-1022,Derek Williams,checking,2026-04-15,credit,160.02,utilities,Comcast,US,False,7579.48,
TXN-100232,CUST-1007,Ahmed Hassan,checking,2026-04-15,debit,3320.6,crypto,Gemini Exchange,US,False,-8564.85,
TXN-100214,CUST-1005,Robert Mwangi,business,2026-04-15,debit,7191.56,crypto,Gemini Exchange,US,False,-43688.9,
TXN-100393,CUST-1022,Derek Williams,checking,2026-04-16,credit,53.57,retail,Home Depot,US,False,7736.37,
TXN-100372,CUST-1022,Derek Williams,checking,2026-04-16,credit,35.27,utilities,Con Edison,US,False,7871.13,
TXN-100080,CUST-1015,Kevin Torres,savings,2026-04-16,credit,336.78,other,CVS Pharmacy,US,False,9886.86,
TXN-100439,CUST-1024,Paul Adeyemi,checking,2026-04-17,debit,34.56,retail,Home Depot,US,False,42795.72,
TXN-100486,CUST-1016,Fatima Al-Rashid,savings,2026-04-17,debit,80.22,utilities,AT&T,US,False,33893.44,
TXN-100029,CUST-1006,Lisa Kowalski,savings,2026-04-17,debit,453.66,retail,Walmart,US,False,14742.31,
TXN-100068,CUST-1014,Rachel Kim,savings,2026-04-17,credit,22.15,retail,Best Buy,US,False,9550.25,
TXN-100489,CUST-1025,Christine Lee,checking,2026-04-17,debit,146.42,other,Shell Gas,US,False,22514.82,
TXN-100333,CUST-1018,Yuki Tanaka,checking,2026-04-17,credit,194.83,other,McDonald's,US,False,47306.02,
TXN-100123,CUST-1021,Olga Ivanova,savings,2026-04-18,debit,257.92,utilities,AT&T,US,False,30542.8,
TXN-100326,CUST-1016,Fatima Al-Rashid,savings,2026-04-18,credit,35.53,retail,Home Depot,US,False,33331.13,
TXN-100229,CUST-1006,Lisa Kowalski,savings,2026-04-18,debit,3304.67,gambling,Caesars Online,US,False,-2925.67,
TXN-100113,CUST-1019,Diana Mbeki,savings,2026-04-19,debit,499.95,other,McDonald's,US,False,7472.76,
TXN-100432,CUST-1025,Christine Lee,checking,2026-04-19,credit,98.53,other,Uber,US,False,22149.93,
TXN-100215,CUST-1005,Robert Mwangi,business,2026-04-19,transfer,20385.81,wire_transfer,Domestic Wire Transfer,US,False,-64074.71,international wire post crypto
TXN-100466,CUST-1017,Brian O'Connor,checking,2026-04-19,debit,18.36,other,Starbucks,US,False,36905.18,
TXN-100470,CUST-1015,Kevin Torres,savings,2026-04-19,debit,197.79,other,Starbucks,US,False,9029.18,
TXN-100473,CUST-1022,Derek Williams,checking,2026-04-19,debit,78.02,utilities,Comcast,US,False,7112.29,
TXN-100293,CUST-1025,Christine Lee,checking,2026-04-20,credit,182.12,retail,Walmart,US,False,22029.08,
TXN-100362,CUST-1023,Nadia Suleiman,checking,2026-04-20,credit,44.36,other,Uber,US,False,40005.6,
TXN-100498,CUST-1018,Yuki Tanaka,checking,2026-04-20,credit,140.94,utilities,Comcast,US,False,47313.63,
TXN-100251,CUST-1021,Olga Ivanova,savings,2026-04-20,debit,117.5,retail,Costco,US,False,29881.45,
TXN-100001,CUST-1001,James Okafor,business,2026-04-20,credit,89.7,utilities,Comcast,US,False,6215.18,
TXN-100033,CUST-1007,Ahmed Hassan,checking,2026-04-20,debit,332.9,retail,Best Buy,US,False,29164.23,
TXN-100358,CUST-1024,Paul Adeyemi,checking,2026-04-21,debit,159.43,other,Starbucks,US,False,42690.72,
TXN-100313,CUST-1019,Diana Mbeki,savings,2026-04-21,credit,250.45,retail,Walmart,US,False,7732.14,
TXN-100124,CUST-1021,Olga Ivanova,savings,2026-04-21,credit,61.71,utilities,Duke Energy,US,False,30604.51,
TXN-100339,CUST-1016,Fatima Al-Rashid,savings,2026-04-21,credit,17.89,other,McDonald's,US,False,33349.02,
TXN-100280,CUST-1025,Christine Lee,checking,2026-04-21,credit,137.24,retail,Costco,US,False,21875.97,
TXN-100344,CUST-1016,Fatima Al-Rashid,savings,2026-04-22,debit,194.15,utilities,City Water Dept,US,False,33154.87,
TXN-100348,CUST-1019,Diana Mbeki,savings,2026-04-22,credit,298.38,retail,Target,US,False,8236.18,
TXN-100135,CUST-1022,Derek Williams,checking,2026-04-22,credit,335.34,retail,Best Buy,US,False,7603.19,
TXN-100469,CUST-1019,Diana Mbeki,savings,2026-04-23,credit,261.54,utilities,Duke Energy,US,False,8334.5,
TXN-100110,CUST-1019,Diana Mbeki,savings,2026-04-23,debit,34.64,utilities,Con Edison,US,False,7383.45,
TXN-100243,CUST-1011,Thomas Nguyen,savings,2026-04-23,debit,3288.7,atm,Wells Fargo ATM,US,False,31894.34,
TXN-100111,CUST-1019,Diana Mbeki,savings,2026-04-23,credit,170.15,retail,Amazon,US,False,7553.6,
TXN-100149,CUST-1024,Paul Adeyemi,checking,2026-04-23,debit,390.09,other,CVS Pharmacy,US,False,43197.78,
TXN-100330,CUST-1015,Kevin Torres,savings,2026-04-24,debit,169.6,utilities,Con Edison,US,False,9913.01,
TXN-100381,CUST-1015,Kevin Torres,savings,2026-04-24,debit,152.22,retail,Costco,US,False,9530.95,
TXN-100221,CUST-1003,David Chen,business,2026-04-24,withdrawal,8930.48,atm,Wells Fargo ATM,US,False,4165.22,miscellaneous
TXN-100406,CUST-1017,Brian O'Connor,checking,2026-04-24,debit,19.93,retail,Costco,US,False,37614.1,
TXN-100409,CUST-1021,Olga Ivanova,savings,2026-04-25,credit,11.84,utilities,City Water Dept,US,False,30604.78,
TXN-100347,CUST-1021,Olga Ivanova,savings,2026-04-25,debit,127.39,utilities,City Water Dept,US,False,30064.51,
TXN-100306,CUST-1021,Olga Ivanova,savings,2026-04-25,credit,18.4,other,Uber,US,False,30389.27,
TXN-100312,CUST-1023,Nadia Suleiman,checking,2026-04-26,credit,90.41,utilities,AT&T,US,False,40014.1,
TXN-100134,CUST-1022,Derek Williams,checking,2026-04-26,debit,154.18,retail,Home Depot,US,False,7267.85,
TXN-100412,CUST-1020,Samuel Green,savings,2026-04-26,credit,219.61,retail,Amazon,US,False,40457.86,
TXN-100375,CUST-1024,Paul Adeyemi,checking,2026-04-26,debit,203.0,retail,Amazon,US,False,42567.55,
TXN-100314,CUST-1020,Samuel Green,savings,2026-04-26,debit,133.52,retail,Costco,US,False,40763.02,
TXN-100073,CUST-1014,Rachel Kim,savings,2026-04-26,credit,324.33,utilities,City Water Dept,US,False,9257.43,
TXN-100101,CUST-1018,Yuki Tanaka,checking,2026-04-27,debit,41.47,other,Shell Gas,US,False,48655.44,
TXN-100177,CUST-1002,Maria Santos,checking,2026-04-27,debit,2234.18,retail,Amazon,MM,False,-35547.81,
TXN-100066,CUST-1014,Rachel Kim,savings,2026-04-27,credit,392.26,retail,Costco,US,False,9991.72,
TXN-100426,CUST-1020,Samuel Green,savings,2026-04-27,credit,208.7,retail,Costco,US,False,40666.56,
TXN-100032,CUST-1007,Ahmed Hassan,checking,2026-04-27,debit,394.46,utilities,Comcast,US,False,29497.13,
TXN-100148,CUST-1024,Paul Adeyemi,checking,2026-04-28,debit,68.04,retail,Costco,US,False,43587.87,
TXN-100047,CUST-1010,Susan Park,checking,2026-04-28,debit,313.5,other,Uber,US,False,38624.98,
TXN-100357,CUST-1014,Rachel Kim,savings,2026-04-28,credit,75.97,other,McDonald's,US,False,8174.32,
TXN-100421,CUST-1014,Rachel Kim,savings,2026-04-28,credit,203.77,utilities,City Water Dept,US,False,7902.12,
TXN-100150,CUST-1024,Paul Adeyemi,checking,2026-04-29,credit,431.48,utilities,Con Edison,US,False,43629.26,
TXN-100009,CUST-1002,Maria Santos,checking,2026-04-29,credit,376.04,other,Uber,US,False,16796.94,
TXN-100109,CUST-1019,Diana Mbeki,savings,2026-04-29,debit,51.13,other,McDonald's,US,False,7418.09,
TXN-100061,CUST-1013,Michael Osei,savings,2026-04-29,credit,280.32,other,Uber,US,False,48354.91,
TXN-100012,CUST-1003,David Chen,business,2026-04-29,debit,398.12,other,Uber,US,False,37362.75,
TXN-100122,CUST-1021,Olga Ivanova,savings,2026-04-29,debit,180.13,retail,Home Depot,US,False,30800.72,
TXN-100303,CUST-1024,Paul Adeyemi,checking,2026-04-29,credit,135.72,retail,Best Buy,US,False,42904.23,
TXN-100334,CUST-1024,Paul Adeyemi,checking,2026-04-29,debit,195.58,other,Uber,US,False,42850.15,
TXN-100368,CUST-1019,Diana Mbeki,savings,2026-04-30,debit,240.81,utilities,Duke Energy,US,False,8042.2,
TXN-100015,CUST-1003,David Chen,business,2026-04-30,credit,64.66,utilities,Comcast,US,False,37281.06,
TXN-100374,CUST-1021,Olga Ivanova,savings,2026-04-30,credit,186.38,retail,Amazon,US,False,30250.89,
TXN-100425,CUST-1014,Rachel Kim,savings,2026-05-01,debit,61.28,other,Shell Gas,US,False,7840.84,
TXN-100435,CUST-1014,Rachel Kim,savings,2026-05-01,debit,107.18,utilities,Con Edison,US,False,7733.66,
TXN-100085,CUST-1016,Fatima Al-Rashid,savings,2026-05-01,credit,237.84,other,McDonald's,US,False,32735.73,
TXN-100237,CUST-1008,Elena Petrov,investment,2026-05-01,debit,1248.64,atm,BofA ATM,US,False,-13771.33,
TXN-100373,CUST-1018,Yuki Tanaka,checking,2026-05-01,credit,54.16,utilities,Con Edison,US,False,47070.51,
TXN-100144,CUST-1023,Nadia Suleiman,checking,2026-05-01,credit,240.0,retail,Amazon,US,False,39868.84,
TXN-100414,CUST-1022,Derek Williams,checking,2026-05-02,debit,118.97,utilities,City Water Dept,US,False,7437.82,
TXN-100340,CUST-1021,Olga Ivanova,savings,2026-05-02,credit,226.96,other,McDonald's,US,False,30442.06,
TXN-100041,CUST-1009,Carlos Reyes,business,2026-05-03,credit,139.95,retail,Amazon,US,False,41564.32,
TXN-100300,CUST-1025,Christine Lee,checking,2026-05-03,debit,115.98,other,Shell Gas,US,False,21913.1,
TXN-100246,CUST-1011,Thomas Nguyen,savings,2026-05-03,debit,1648.97,atm,Chase ATM,US,False,23062.47,
TXN-100193,CUST-1003,David Chen,business,2026-05-04,withdrawal,167.41,atm,Chase ATM,US,False,34621.42,atm withdrawal
TXN-100247,CUST-1012,Angela Brooks,business,2026-05-04,debit,4555.44,crypto,Crypto.com,US,False,12440.6,
TXN-100192,CUST-1003,David Chen,business,2026-05-04,withdrawal,265.68,atm,Chase ATM,US,False,34788.83,atm withdrawal
TXN-100191,CUST-1003,David Chen,business,2026-05-04,withdrawal,193.23,atm,Chase ATM,US,False,35054.51,atm withdrawal
TXN-100185,CUST-1003,David Chen,business,2026-05-04,withdrawal,328.0,atm,Wells Fargo ATM,US,False,36646.63,atm withdrawal
TXN-100160,CUST-1025,Christine Lee,checking,2026-05-04,credit,225.19,other,Shell Gas,US,False,21108.84,
TXN-100189,CUST-1003,David Chen,business,2026-05-04,withdrawal,136.43,atm,7-Eleven ATM,US,False,35587.53,atm withdrawal
TXN-100190,CUST-1003,David Chen,business,2026-05-04,withdrawal,339.79,atm,Wells Fargo ATM,US,False,35247.74,atm withdrawal
TXN-100186,CUST-1003,David Chen,business,2026-05-04,withdrawal,180.12,atm,Wells Fargo ATM,US,False,36466.51,atm withdrawal
TXN-100184,CUST-1003,David Chen,business,2026-05-04,withdrawal,326.93,atm,Citibank ATM,US,False,36974.63,atm withdrawal
TXN-100187,CUST-1003,David Chen,business,2026-05-04,withdrawal,378.3,atm,Citibank ATM,US,False,36088.21,atm withdrawal
TXN-100183,CUST-1003,David Chen,business,2026-05-04,withdrawal,255.53,atm,7-Eleven ATM,US,False,37301.56,atm withdrawal
TXN-100259,CUST-1018,Yuki Tanaka,checking,2026-05-04,credit,242.25,other,Starbucks,US,False,47388.8,
TXN-100182,CUST-1003,David Chen,business,2026-05-04,withdrawal,223.97,atm,Wells Fargo ATM,US,False,37557.09,atm withdrawal
TXN-100013,CUST-1003,David Chen,business,2026-05-04,credit,196.99,retail,Costco,US,False,37559.74,
TXN-100188,CUST-1003,David Chen,business,2026-05-04,withdrawal,364.25,atm,Citibank ATM,US,False,35723.96,atm withdrawal
TXN-100350,CUST-1016,Fatima Al-Rashid,savings,2026-05-05,debit,89.63,retail,Home Depot,US,False,33065.24,
TXN-100096,CUST-1017,Brian O'Connor,checking,2026-05-05,credit,449.63,other,CVS Pharmacy,US,False,38052.57,
TXN-100467,CUST-1022,Derek Williams,checking,2026-05-05,debit,295.91,retail,Walmart,US,False,7190.31,
TXN-100201,CUST-1006,Lisa Kowalski,savings,2026-05-05,debit,200.0,gambling,BetMGM,US,False,14395.86,
TXN-100359,CUST-1022,Derek Williams,checking,2026-05-05,debit,120.18,other,Starbucks,US,False,7835.86,
TXN-100154,CUST-1025,Christine Lee,checking,2026-05-05,credit,347.79,utilities,Con Edison,US,False,22453.47,
TXN-100112,CUST-1019,Diana Mbeki,savings,2026-05-05,credit,419.11,utilities,AT&T,US,False,7972.71,
TXN-100341,CUST-1022,Derek Williams,checking,2026-05-05,credit,289.85,retail,Target,US,False,8116.93,
TXN-100174,CUST-1003,David Chen,business,2026-05-05,deposit,45000.0,wire_transfer,Domestic Wire Transfer,US,False,82281.06,large incoming wire
TXN-100325,CUST-1014,Rachel Kim,savings,2026-05-05,debit,99.85,utilities,City Water Dept,US,False,8602.22,
TXN-100228,CUST-1006,Lisa Kowalski,savings,2026-05-05,debit,4016.86,gambling,FanDuel,US,False,379.0,
TXN-100139,CUST-1023,Nadia Suleiman,checking,2026-05-06,debit,116.03,retail,Amazon,US,False,39507.43,
TXN-100145,CUST-1023,Nadia Suleiman,checking,2026-05-06,debit,133.71,retail,Walmart,US,False,39735.13,
TXN-100175,CUST-1003,David Chen,business,2026-05-06,withdrawal,44500.0,wire_transfer,Domestic Wire Transfer,US,False,37781.06,full funds withdrawn
TXN-100389,CUST-1023,Nadia Suleiman,checking,2026-05-06,debit,96.24,retail,Costco,US,False,39909.36,
TXN-100294,CUST-1023,Nadia Suleiman,checking,2026-05-06,debit,50.65,other,McDonald's,US,False,39838.11,
TXN-100143,CUST-1023,Nadia Suleiman,checking,2026-05-07,debit,322.56,utilities,AT&T,US,False,39628.84,
TXN-100132,CUST-1022,Derek Williams,checking,2026-05-07,debit,362.84,retail,Costco,US,False,7095.54,
TXN-100462,CUST-1015,Kevin Torres,savings,2026-05-07,debit,216.49,other,Starbucks,US,False,9226.97,
TXN-100030,CUST-1006,Lisa Kowalski,savings,2026-05-07,debit,146.45,other,McDonald's,US,False,14595.86,
TXN-100039,CUST-1008,Elena Petrov,investment,2026-05-07,debit,91.49,retail,Best Buy,US,False,14757.46,
TXN-100283,CUST-1021,Olga Ivanova,savings,2026-05-07,credit,207.4,utilities,Duke Energy,US,False,30370.87,
TXN-100133,CUST-1022,Derek Williams,checking,2026-05-07,credit,326.49,retail,Best Buy,US,False,7422.03,
TXN-100308,CUST-1018,Yuki Tanaka,checking,2026-05-08,credit,40.4,utilities,Duke Energy,US,False,47323.35,
TXN-100244,CUST-1011,Thomas Nguyen,savings,2026-05-08,debit,4607.73,atm,Wells Fargo ATM,US,False,27286.61,
TXN-100253,CUST-1018,Yuki Tanaka,checking,2026-05-08,debit,273.63,retail,Amazon,US,False,47456.04,
TXN-100196,CUST-1001,James Okafor,business,2026-05-08,debit,200.0,gambling,FanDuel,US,False,-37536.27,
TXN-100202,CUST-1006,Lisa Kowalski,savings,2026-05-08,debit,500.0,gambling,Caesars Online,US,False,13895.86,
TXN-100387,CUST-1015,Kevin Torres,savings,2026-05-08,debit,74.84,retail,Walmart,US,False,9668.8,
TXN-100222,CUST-1003,David Chen,business,2026-05-08,withdrawal,8788.95,atm,Wells Fargo ATM,US,False,-4623.73,miscellaneous
TXN-100493,CUST-1018,Yuki Tanaka,checking,2026-05-08,credit,156.28,utilities,Duke Energy,US,False,47172.69,
TXN-100129,CUST-1021,Olga Ivanova,savings,2026-05-08,credit,174.83,other,Shell Gas,US,False,29998.95,
TXN-100007,CUST-1002,Maria Santos,checking,2026-05-08,credit,114.19,other,CVS Pharmacy,US,False,16340.89,
TXN-100162,CUST-1001,James Okafor,business,2026-05-08,withdrawal,9069.09,atm,7-Eleven ATM,US,False,-2206.48,cash withdrawal
TXN-100163,CUST-1001,James Okafor,business,2026-05-09,withdrawal,8551.82,atm,Citibank ATM,US,False,-10758.3,cash withdrawal
TXN-100161,CUST-1025,Christine Lee,checking,2026-05-09,credit,471.91,other,Uber,US,False,21580.75,
TXN-100095,CUST-1017,Brian O'Connor,checking,2026-05-09,credit,310.2,utilities,Duke Energy,US,False,37602.94,
TXN-100455,CUST-1021,Olga Ivanova,savings,2026-05-09,debit,124.6,utilities,Con Edison,US,False,30597.14,
TXN-100463,CUST-1022,Derek Williams,checking,2026-05-10,debit,138.76,utilities,Duke Energy,US,False,7486.22,
TXN-100164,CUST-1001,James Okafor,business,2026-05-10,withdrawal,9454.89,atm,7-Eleven ATM,US,False,-20213.19,cash withdrawal
TXN-100408,CUST-1019,Diana Mbeki,savings,2026-05-10,debit,151.99,retail,Best Buy,US,False,7850.3,
TXN-100304,CUST-1023,Nadia Suleiman,checking,2026-05-10,credit,85.58,utilities,AT&T,US,False,39923.69,
TXN-100418,CUST-1021,Olga Ivanova,savings,2026-05-10,credit,48.94,other,McDonald's,US,False,30476.63,
TXN-100194,CUST-1004,Priya Nair,business,2026-05-10,debit,21921.72,wire_transfer,International Wire,US,False,4180.92,first activity in 2+ months
TXN-100386,CUST-1016,Fatima Al-Rashid,savings,2026-05-10,debit,239.14,other,McDonald's,US,False,32963.44,
TXN-100226,CUST-1004,Priya Nair,business,2026-05-10,withdrawal,7334.66,atm,Citibank ATM,US,False,-26346.71,miscellaneous
TXN-100450,CUST-1023,Nadia Suleiman,checking,2026-05-10,credit,248.96,other,Shell Gas,US,False,39953.79,
TXN-100181,CUST-1004,Priya Nair,business,2026-05-10,debit,2144.15,retail,Costco,MM,False,26102.64,
TXN-100195,CUST-1005,Robert Mwangi,business,2026-05-10,debit,24715.65,wire_transfer,International Wire,US,False,-17738.19,first activity in 2+ months
TXN-100076,CUST-1015,Kevin Torres,savings,2026-05-10,credit,223.83,utilities,AT&T,US,False,9538.3,
TXN-100404,CUST-1019,Diana Mbeki,savings,2026-05-10,debit,229.4,utilities,City Water Dept,US,False,8002.29,
TXN-100197,CUST-1001,James Okafor,business,2026-05-11,debit,500.0,gambling,PokerStars,US,False,-38036.27,
TXN-100370,CUST-1025,Christine Lee,checking,2026-05-11,credit,277.67,utilities,Con Edison,US,False,22051.4,
TXN-100131,CUST-1022,Derek Williams,checking,2026-05-11,credit,282.34,utilities,Comcast,US,False,7458.38,
TXN-100203,CUST-1006,Lisa Kowalski,savings,2026-05-11,debit,1200.0,gambling,PokerStars,US,False,12695.86,
TXN-100427,CUST-1023,Nadia Suleiman,checking,2026-05-11,debit,213.2,utilities,Comcast,US,False,39992.24,
TXN-100461,CUST-1017,Brian O'Connor,checking,2026-05-11,debit,53.54,other,CVS Pharmacy,US,False,36923.54,
TXN-100165,CUST-1001,James Okafor,business,2026-05-11,withdrawal,8825.48,atm,Chase ATM,US,False,-29038.67,cash withdrawal
TXN-100125,CUST-1021,Olga Ivanova,savings,2026-05-11,debit,223.39,other,Shell Gas,US,False,30381.12,
TXN-100459,CUST-1017,Brian O'Connor,checking,2026-05-12,debit,160.02,other,Shell Gas,US,False,36977.08,
TXN-100166,CUST-1001,James Okafor,business,2026-05-12,withdrawal,8797.6,atm,7-Eleven ATM,US,False,-37836.27,cash withdrawal
TXN-100438,CUST-1017,Brian O'Connor,checking,2026-05-12,debit,202.6,retail,Target,US,False,37411.5,
TXN-100279,CUST-1018,Yuki Tanaka,checking,2026-05-12,debit,223.81,retail,Walmart,US,False,47131.32,
TXN-100044,CUST-1009,Carlos Reyes,business,2026-05-12,credit,256.4,other,McDonald's,US,False,41530.06,
TXN-100436,CUST-1025,Christine Lee,checking,2026-05-13,debit,64.61,utilities,Con Edison,US,False,22126.27,
TXN-100224,CUST-1004,Priya Nair,business,2026-05-13,withdrawal,8245.14,atm,Citibank ATM,US,False,-12856.34,miscellaneous
TXN-100138,CUST-1023,Nadia Suleiman,checking,2026-05-13,debit,164.62,retail,Home Depot,US,False,39623.46,
TXN-100225,CUST-1004,Priya Nair,business,2026-05-13,withdrawal,6155.71,atm,Citibank ATM,US,False,-19012.05,miscellaneous
TXN-100266,CUST-1018,Yuki Tanaka,checking,2026-05-13,debit,33.67,utilities,Comcast,US,False,47355.13,
TXN-100017,CUST-1004,Priya Nair,business,2026-05-13,debit,258.76,other,Shell Gas,US,False,30836.03,
TXN-100483,CUST-1020,Samuel Green,savings,2026-05-13,credit,116.06,retail,Best Buy,US,False,41443.5,
TXN-100053,CUST-1011,Thomas Nguyen,savings,2026-05-14,credit,87.3,utilities,Con Edison,US,False,35990.37,
TXN-100099,CUST-1018,Yuki Tanaka,checking,2026-05-14,credit,174.57,retail,Walmart,US,False,48820.23,
TXN-100472,CUST-1014,Rachel Kim,savings,2026-05-14,credit,203.68,utilities,Duke Energy,US,False,7937.34,
TXN-100446,CUST-1019,Diana Mbeki,savings,2026-05-14,credit,296.78,utilities,City Water Dept,US,False,8154.89,
TXN-100038,CUST-1008,Elena Petrov,investment,2026-05-14,debit,34.79,other,Starbucks,US,False,14848.95,
TXN-100216,CUST-1007,Ahmed Hassan,checking,2026-05-14,debit,2209.65,retail,Amazon,US,False,-877.21,overdraft risk
TXN-100499,CUST-1016,Fatima Al-Rashid,savings,2026-05-14,credit,59.29,other,Starbucks,US,False,33952.73,
TXN-100157,CUST-1025,Christine Lee,checking,2026-05-14,debit,218.32,other,McDonald's,US,False,21737.16,
TXN-100204,CUST-1006,Lisa Kowalski,savings,2026-05-14,debit,2800.0,gambling,BetMGM,US,False,9895.86,
TXN-100366,CUST-1019,Diana Mbeki,savings,2026-05-14,credit,296.79,utilities,Duke Energy,US,False,8283.01,
TXN-100198,CUST-1001,James Okafor,business,2026-05-14,debit,1200.0,gambling,FanDuel,US,False,-39236.27,
TXN-100233,CUST-1008,Elena Petrov,investment,2026-05-14,debit,661.55,atm,Chase ATM,US,False,-1400.36,
TXN-100388,CUST-1019,Diana Mbeki,savings,2026-05-15,credit,142.88,other,McDonald's,US,False,8231.69,
TXN-100324,CUST-1024,Paul Adeyemi,checking,2026-05-15,credit,141.5,retail,Home Depot,US,False,43045.73,
TXN-100054,CUST-1011,Thomas Nguyen,savings,2026-05-15,debit,337.25,other,Shell Gas,US,False,35653.12,
TXN-100440,CUST-1021,Olga Ivanova,savings,2026-05-15,debit,6.53,retail,Target,US,False,30636.25,
TXN-100352,CUST-1014,Rachel Kim,savings,2026-05-15,debit,251.31,utilities,City Water Dept,US,False,8098.35,
TXN-100391,CUST-1021,Olga Ivanova,savings,2026-05-15,credit,42.86,utilities,City Water Dept,US,False,30592.94,
TXN-100136,CUST-1022,Derek Williams,checking,2026-05-15,credit,218.5,other,Shell Gas,US,False,7821.69,
TXN-100460,CUST-1015,Kevin Torres,savings,2026-05-15,debit,23.22,other,Uber,US,False,9443.46,
TXN-100485,CUST-1014,Rachel Kim,savings,2026-05-16,credit,290.5,other,Uber,US,False,8150.64,
TXN-100480,CUST-1017,Brian O'Connor,checking,2026-05-16,credit,86.17,utilities,City Water Dept,US,False,36991.35,
TXN-100260,CUST-1016,Fatima Al-Rashid,savings,2026-05-16,credit,290.34,retail,Amazon,US,False,33165.41,
TXN-100094,CUST-1017,Brian O'Connor,checking,2026-05-16,credit,337.11,retail,Costco,US,False,37292.74,
TXN-100397,CUST-1016,Fatima Al-Rashid,savings,2026-05-17,credit,253.55,other,Starbucks,US,False,33370.33,
TXN-100274,CUST-1014,Rachel Kim,savings,2026-05-17,debit,296.7,utilities,Comcast,US,False,9021.72,
TXN-100241,CUST-1010,Susan Park,checking,2026-05-17,debit,3568.1,gambling,BetMGM,US,False,35893.76,
TXN-100319,CUST-1016,Fatima Al-Rashid,savings,2026-05-17,credit,141.87,other,Uber,US,False,33438.93,
TXN-100298,CUST-1019,Diana Mbeki,savings,2026-05-17,debit,261.61,retail,Home Depot,US,False,7570.25,
TXN-100147,CUST-1024,Paul Adeyemi,checking,2026-05-17,debit,84.35,other,Shell Gas,US,False,43655.91,
TXN-100128,CUST-1021,Olga Ivanova,savings,2026-05-17,debit,377.73,utilities,City Water Dept,US,False,29824.12,
TXN-100205,CUST-1006,Lisa Kowalski,savings,2026-05-17,debit,5500.0,gambling,Caesars Online,US,False,4395.86,
TXN-100199,CUST-1001,James Okafor,business,2026-05-17,debit,2800.0,gambling,Caesars Online,US,False,-42036.27,
TXN-100301,CUST-1016,Fatima Al-Rashid,savings,2026-05-17,credit,217.87,utilities,City Water Dept,US,False,33296.48,
TXN-100046,CUST-1010,Susan Park,checking,2026-05-17,debit,207.85,retail,Target,US,False,38938.48,
TXN-100103,CUST-1018,Yuki Tanaka,checking,2026-05-18,debit,429.8,utilities,Duke Energy,US,False,48439.37,
TXN-100311,CUST-1014,Rachel Kim,savings,2026-05-18,debit,259.32,utilities,Duke Energy,US,False,8702.07,
TXN-100407,CUST-1020,Samuel Green,savings,2026-05-18,debit,244.98,retail,Home Depot,US,False,40238.25,
TXN-100453,CUST-1018,Yuki Tanaka,checking,2026-05-18,credit,176.83,utilities,AT&T,US,False,47316.11,
TXN-100478,CUST-1022,Derek Williams,checking,2026-05-18,debit,245.66,utilities,Con Edison,US,False,6866.63,
TXN-100379,CUST-1019,Diana Mbeki,savings,2026-05-18,credit,230.11,utilities,Comcast,US,False,8088.81,
TXN-100031,CUST-1007,Ahmed Hassan,checking,2026-05-18,debit,364.44,other,Uber,US,False,29891.59,
TXN-100146,CUST-1024,Paul Adeyemi,checking,2026-05-18,credit,250.96,retail,Home Depot,US,False,43740.26,
TXN-100398,CUST-1014,Rachel Kim,savings,2026-05-18,debit,284.82,retail,Amazon,US,False,7871.58,
TXN-100119,CUST-1020,Samuel Green,savings,2026-05-18,debit,465.15,retail,Home Depot,US,False,40656.73,
TXN-100063,CUST-1013,Michael Osei,savings,2026-05-19,debit,418.95,other,Uber,US,False,47889.09,
TXN-100331,CUST-1018,Yuki Tanaka,checking,2026-05-19,debit,103.34,other,McDonald's,US,False,47111.19,
TXN-100084,CUST-1016,Fatima Al-Rashid,savings,2026-05-19,debit,220.65,utilities,City Water Dept,US,False,32497.89,
TXN-100396,CUST-1022,Derek Williams,checking,2026-05-19,debit,179.58,retail,Target,US,False,7556.79,
TXN-100249,CUST-1013,Michael Osei,savings,2026-05-20,debit,1846.19,wire_transfer,Domestic Wire Transfer,US,False,46228.29,
TXN-100167,CUST-1002,Maria Santos,checking,2026-05-20,withdrawal,9736.02,atm,BofA ATM,US,False,7178.39,cash withdrawal
TXN-100291,CUST-1025,Christine Lee,checking,2026-05-20,debit,169.13,utilities,City Water Dept,US,False,21846.96,
TXN-100108,CUST-1019,Diana Mbeki,savings,2026-05-20,debit,454.4,other,Uber,US,False,7469.22,
TXN-100179,CUST-1004,Priya Nair,business,2026-05-20,debit,1131.0,retail,Walmart,NG,False,29757.23,
TXN-100126,CUST-1021,Olga Ivanova,savings,2026-05-20,credit,237.79,other,Shell Gas,US,False,30618.91,
TXN-100200,CUST-1001,James Okafor,business,2026-05-20,debit,5500.0,gambling,Caesars Online,US,False,-47536.27,
TXN-100159,CUST-1025,Christine Lee,checking,2026-05-21,debit,398.39,retail,Home Depot,US,False,20883.65,
TXN-100075,CUST-1015,Kevin Torres,savings,2026-05-21,credit,28.75,other,CVS Pharmacy,US,False,9314.47,
TXN-100273,CUST-1015,Kevin Torres,savings,2026-05-21,debit,194.3,other,Starbucks,US,False,9912.73,
TXN-100168,CUST-1002,Maria Santos,checking,2026-05-21,withdrawal,9249.12,atm,Wells Fargo ATM,US,False,-2070.73,cash withdrawal
TXN-100285,CUST-1018,Yuki Tanaka,checking,2026-05-21,credit,117.37,other,Uber,US,False,47248.69,
TXN-100457,CUST-1016,Fatima Al-Rashid,savings,2026-05-22,debit,139.22,utilities,Con Edison,US,False,33812.65,
TXN-100169,CUST-1002,Maria Santos,checking,2026-05-22,withdrawal,9111.65,atm,Citibank ATM,US,False,-11182.38,cash withdrawal
TXN-100445,CUST-1018,Yuki Tanaka,checking,2026-05-22,debit,93.03,retail,Walmart,US,False,47139.28,
TXN-100371,CUST-1015,Kevin Torres,savings,2026-05-22,credit,28.28,other,McDonald's,US,False,9683.17,
TXN-100170,CUST-1002,Maria Santos,checking,2026-05-23,withdrawal,9690.89,atm,Wells Fargo ATM,US,False,-20873.27,cash withdrawal
TXN-100281,CUST-1023,Nadia Suleiman,checking,2026-05-23,credit,153.63,retail,Walmart,US,False,39888.76,
TXN-100437,CUST-1022,Derek Williams,checking,2026-05-23,credit,45.5,other,Uber,US,False,7624.98,
TXN-100419,CUST-1019,Diana Mbeki,savings,2026-05-23,credit,52.94,other,Shell Gas,US,False,8130.95,
TXN-100337,CUST-1018,Yuki Tanaka,checking,2026-05-24,debit,200.27,retail,Target,US,False,47105.75,
TXN-100171,CUST-1002,Maria Santos,checking,2026-05-24,withdrawal,9796.03,atm,Citibank ATM,US,False,-30669.3,cash withdrawal
TXN-100302,CUST-1015,Kevin Torres,savings,2026-05-24,debit,51.44,retail,Walmart,US,False,9874.15,
TXN-100263,CUST-1015,Kevin Torres,savings,2026-05-24,debit,144.09,other,Uber,US,False,9941.41,
TXN-100354,CUST-1015,Kevin Torres,savings,2026-05-24,debit,128.85,retail,Best Buy,US,False,9695.07,
TXN-100255,CUST-1018,Yuki Tanaka,checking,2026-05-25,debit,190.33,other,Starbucks,US,False,47265.71,
TXN-100028,CUST-1006,Lisa Kowalski,savings,2026-05-25,debit,44.79,retail,Walmart,US,False,15195.97,
TXN-100321,CUST-1016,Fatima Al-Rashid,savings,2026-05-25,debit,143.33,utilities,Con Edison,US,False,33295.6,
TXN-100361,CUST-1015,Kevin Torres,savings,2026-05-25,debit,221.22,utilities,AT&T,US,False,9654.89,
TXN-100019,CUST-1004,Priya Nair,business,2026-05-25,debit,303.48,other,Starbucks,US,False,30447.66,
TXN-100320,CUST-1021,Olga Ivanova,savings,2026-05-25,credit,259.95,other,Shell Gas,US,False,30649.22,
TXN-100089,CUST-1016,Fatima Al-Rashid,savings,2026-05-25,debit,233.15,utilities,City Water Dept,US,False,32875.07,
TXN-100262,CUST-1019,Diana Mbeki,savings,2026-05-26,credit,177.45,other,Shell Gas,US,False,7900.2,
TXN-100223,CUST-1004,Priya Nair,business,2026-05-26,withdrawal,8792.12,atm,BofA ATM,US,False,-4611.2,miscellaneous
TXN-100004,CUST-1001,James Okafor,business,2026-05-26,credit,142.27,utilities,City Water Dept,US,False,6439.61,
TXN-100264,CUST-1019,Diana Mbeki,savings,2026-05-26,debit,196.06,other,CVS Pharmacy,US,False,7704.14,
TXN-100172,CUST-1001,James Okafor,business,2026-05-26,deposit,45000.0,wire_transfer,Domestic Wire Transfer,US,False,7163.73,large incoming wire
TXN-100173,CUST-1001,James Okafor,business,2026-05-27,withdrawal,44500.0,wire_transfer,International Wire,US,False,-37336.27,full funds withdrawn
TXN-100329,CUST-1020,Samuel Green,savings,2026-05-27,debit,237.82,utilities,Con Edison,US,False,40525.2,
TXN-100271,CUST-1015,Kevin Torres,savings,2026-05-27,credit,165.62,other,Shell Gas,US,False,10107.03,
TXN-100023,CUST-1005,Robert Mwangi,business,2026-05-27,debit,333.28,retail,Target,US,False,6289.41,
TXN-100468,CUST-1018,Yuki Tanaka,checking,2026-05-27,debit,231.85,utilities,Duke Energy,US,False,47293.63,
TXN-100024,CUST-1005,Robert Mwangi,business,2026-05-27,credit,482.54,utilities,Comcast,US,False,6771.95,
TXN-100497,CUST-1017,Brian O'Connor,checking,2026-05-28,debit,152.29,utilities,Con Edison,US,False,37097.03,
TXN-100492,CUST-1019,Diana Mbeki,savings,2026-05-28,credit,142.54,utilities,Con Edison,US,False,8477.04,
TXN-100349,CUST-1014,Rachel Kim,savings,2026-05-28,debit,252.56,utilities,Con Edison,US,False,8349.66,
TXN-100114,CUST-1020,Samuel Green,savings,2026-05-28,debit,392.8,other,Starbucks,US,False,41930.41,
TXN-100021,CUST-1005,Robert Mwangi,business,2026-05-28,debit,128.03,retail,Walmart,US,False,6212.84,
TXN-100268,CUST-1020,Samuel Green,savings,2026-05-28,debit,266.2,other,Starbucks,US,False,41004.71,
TXN-100318,CUST-1017,Brian O'Connor,checking,2026-05-28,debit,229.26,retail,Walmart,US,False,37286.74,
TXN-100230,CUST-1006,Lisa Kowalski,savings,2026-05-28,debit,861.42,gambling,FanDuel,US,False,-3787.09,
TXN-100252,CUST-1018,Yuki Tanaka,checking,2026-05-29,credit,11.47,other,CVS Pharmacy,US,False,47729.67,
TXN-100474,CUST-1018,Yuki Tanaka,checking,2026-05-29,debit,14.5,retail,Best Buy,US,False,47279.13,
TXN-100296,CUST-1017,Brian O'Connor,checking,2026-05-29,debit,184.65,utilities,Con Edison,US,False,37516.0,
TXN-100178,CUST-1002,Maria Santos,checking,2026-05-29,debit,2862.98,retail,Costco,KP,False,-38410.79,
TXN-100458,CUST-1020,Samuel Green,savings,2026-05-30,credit,228.42,other,McDonald's,US,False,41327.44,
TXN-100227,CUST-1004,Priya Nair,business,2026-05-30,withdrawal,8819.74,atm,Chase ATM,US,False,-35166.45,miscellaneous
TXN-100116,CUST-1020,Samuel Green,savings,2026-05-30,debit,71.85,retail,Walmart,US,False,41750.87,
TXN-100049,CUST-1010,Susan Park,checking,2026-05-30,credit,203.94,retail,Home Depot,US,False,39296.93,
TXN-100292,CUST-1022,Derek Williams,checking,2026-05-30,debit,126.19,utilities,Duke Energy,US,False,7800.82,
TXN-100106,CUST-1019,Diana Mbeki,savings,2026-05-30,debit,200.54,utilities,Duke Energy,US,False,8345.47,
TXN-100500,CUST-1022,Derek Williams,checking,2026-05-30,debit,283.83,retail,Walmart,US,False,6582.8,
TXN-100025,CUST-1005,Robert Mwangi,business,2026-05-31,credit,205.51,other,Shell Gas,US,False,6977.46,
TXN-100231,CUST-1007,Ahmed Hassan,checking,2026-05-31,debit,4367.04,crypto,Gemini Exchange,US,False,-5244.25,
TXN-100433,CUST-1025,Christine Lee,checking,2026-05-31,credit,40.95,utilities,City Water Dept,US,False,22190.88,
TXN-100378,CUST-1019,Diana Mbeki,savings,2026-05-31,debit,183.5,utilities,Duke Energy,US,False,7858.7,
TXN-100429,CUST-1021,Olga Ivanova,savings,2026-05-31,credit,166.15,other,Shell Gas,US,False,30642.78,
TXN-100305,CUST-1019,Diana Mbeki,savings,2026-05-31,debit,88.56,utilities,City Water Dept,US,False,7481.69,
TXN-100464,CUST-1021,Olga Ivanova,savings,2026-05-31,debit,169.85,other,Shell Gas,US,False,30427.29,
TXN-100363,CUST-1019,Diana Mbeki,savings,2026-06-01,debit,249.96,other,CVS Pharmacy,US,False,7986.22,
TXN-100002,CUST-1001,James Okafor,business,2026-06-01,credit,353.89,other,Starbucks,US,False,6569.07,
TXN-100384,CUST-1021,Olga Ivanova,savings,2026-06-01,credit,299.19,retail,Amazon,US,False,30550.08,
TXN-100424,CUST-1024,Paul Adeyemi,checking,2026-06-01,credit,48.59,other,McDonald's,US,False,42830.28,
TXN-100062,CUST-1013,Michael Osei,savings,2026-06-02,debit,46.87,retail,Target,US,False,48308.04,
TXN-100338,CUST-1023,Nadia Suleiman,checking,2026-06-02,debit,52.86,utilities,City Water Dept,US,False,39961.24,
TXN-100100,CUST-1018,Yuki Tanaka,checking,2026-06-02,debit,123.32,retail,Target,US,False,48696.91,
TXN-100016,CUST-1004,Priya Nair,business,2026-06-02,debit,477.37,utilities,Con Edison,US,False,31094.79,
TXN-100217,CUST-1008,Elena Petrov,investment,2026-06-03,debit,2608.41,retail,Best Buy,US,False,-738.81,overdraft risk
TXN-100267,CUST-1020,Samuel Green,savings,2026-06-03,credit,202.79,utilities,City Water Dept,US,False,41270.91,
TXN-100069,CUST-1014,Rachel Kim,savings,2026-06-03,debit,140.73,other,Starbucks,US,False,9409.52,
TXN-100022,CUST-1005,Robert Mwangi,business,2026-06-03,credit,409.85,retail,Costco,US,False,6622.69,
TXN-100286,CUST-1018,Yuki Tanaka,checking,2026-06-03,credit,34.26,utilities,AT&T,US,False,47282.95,
TXN-100180,CUST-1004,Priya Nair,business,2026-06-03,debit,1510.44,retail,Costco,KP,False,28246.79,
TXN-100018,CUST-1004,Priya Nair,business,2026-06-03,debit,84.89,other,McDonald's,US,False,30751.14,
TXN-100092,CUST-1017,Brian O'Connor,checking,2026-06-03,debit,404.01,retail,Costco,US,False,37238.76,
TXN-100077,CUST-1015,Kevin Torres,savings,2026-06-04,debit,134.81,utilities,Duke Energy,US,False,9403.49,
TXN-100020,CUST-1004,Priya Nair,business,2026-06-04,credit,440.57,retail,Amazon,US,False,30888.23,
TXN-100327,CUST-1015,Kevin Torres,savings,2026-06-04,debit,16.55,other,CVS Pharmacy,US,False,10082.61,
TXN-100332,CUST-1019,Diana Mbeki,savings,2026-06-04,credit,43.04,utilities,AT&T,US,False,7700.48,
TXN-100220,CUST-1003,David Chen,business,2026-06-04,withdrawal,8480.58,atm,Citibank ATM,US,False,13095.7,miscellaneous
TXN-100431,CUST-1018,Yuki Tanaka,checking,2026-06-04,credit,232.5,retail,Target,US,False,47232.31,
